年/月,申請件數_有進覆議會討論之件數,覆議件數_申請件數扣除不予覆議件數,司法囑託,個人申請,不予覆議,A1件數（總計）,A2件數（總計）,A3件數（總計）,A1比例_%,A2比例_%,A3比例_%
106年1月,26,25,18,8,1,3,17,6,11.54%,65.38%,23.08%
106年2月,21,20,14,7,1,2,17,2,9.52%,80.95%,9.52%
106年3月,21,21,13,8,0,2,18,1,9.52%,85.71%,4.76%
106年4月,23,23,16,7,0,2,19,2,8.70%,82.61%,8.70%
106年5月,20,20,15,5,0,1,18,1,5.00%,90.00%,5.00%
106年6月,22,21,16,6,1,2,16,4,9.09%,72.73%,18.18%
106年7月,32,31,30,2,1,5,24,3,15.63%,75.00%,9.38%
106年8月,26,26,20,6,0,3,18,5,11.54%,69.23%,19.23%
106年9月,37,37,31,6,0,4,26,7,10.81%,70.27%,18.92%
106年10月,24,24,16,8,0,1,18,5,4.17%,75.00%,20.83%
106年11月,24,24,14,10,0,0,18,6,0.00%,75.00%,25.00%
106年12月,25,23,18,7,2,0,22,3,0.00%,88.00%,12.00%
107年1月,22,22,16,6,0,2,16,4,9.09%,72.73%,18.18%
107年2月,22,22,17,5,0,2,17,3,9.09%,77.27%,13.64%
107年3月,20,20,14,6,0,2,18,0,10.00%,90.00%,0.00%
107年4月,22,22,16,6,0,2,19,1,9.09%,86.36%,4.55%
107年5月,24,22,13,11,2,0,15,9,0.00%,62.50%,37.50%
107年6月,24,23,17,7,1,0,19,5,0.00%,79.17%,20.83%
107年7月,36,34,26,10,2,1,27,8,2.78%,75.00%,22.22%
107年8月,24,24,14,10,0,1,17,6,4.17%,70.83%,25.00%
107年9月,26,26,21,5,0,1,22,3,3.85%,84.62%,11.54%
107年10月,32,32,24,8,0,0,24,8,0.00%,75.00%,25.00%
107年11月,25,25,21,4,0,1,21,3,4.00%,84.00%,12.00%
107年12月,24,24,16,8,0,2,19,3,8.33%,79.17%,12.50%
108年1月,24,23,17,7,1,1,18,5,4.17%,75.00%,20.83%
108年2月,20,19,14,6,1,1,16,3,5.00%,80.00%,15.00%
108年3月,23,22,14,9,1,1,18,4,4.35%,78.26%,17.39%
108年4月,24,24,15,9,0,0,19,5,0.00%,79.17%,20.83%
108年5月,23,22,16,7,1,0,20,3,0.00%,86.96%,13.04%
108年6月,24,24,18,6,0,1,18,5,4.17%,75.00%,20.83%
108年7月,24,24,19,5,0,2,18,4,8.33%,75.00%,16.67%
108年8月,28,28,20,8,0,1,25,2,3.57%,89.29%,7.14%
108年9月,38,38,24,14,0,3,29,6,7.89%,76.32%,15.79%
108年10月,25,25,20,5,0,2,18,5,8.00%,72.00%,20.00%
108年11月,33,33,28,5,0,1,30,2,3.03%,90.91%,6.06%
108年12月,27,27,21,6,0,3,22,2,11.11%,81.48%,7.41%
109年1月,23,23,15,8,0,1,19,3,4.35%,82.61%,13.04%
109年2月,19,19,12,7,0,2,15,2,10.53%,78.95%,10.53%
109年3月,24,23,14,9,1,1,15,7,4.17%,62.50%,29.17%
109年4月,15,15,7,8,0,1,13,1,6.67%,86.67%,6.67%
109年5月,22,22,17,5,0,2,14,6,9.09%,63.64%,27.27%
109年6月,29,28,22,7,1,1,25,3,3.45%,86.21%,10.34%
109年7月,27,27,21,6,0,1,25,1,3.70%,92.59%,3.70%
109年8月,38,37,22,16,1,2,29,7,5.26%,76.32%,18.42%
109年9月,33,32,29,4,1,3,28,2,9.09%,84.85%,6.06%
109年10月,27,27,18,9,0,1,19,7,3.70%,70.37%,25.93%
109年11月,25,25,16,9,0,1,22,2,4.00%,88.00%,8.00%
109年12月,27,27,23,4,0,3,24,0,11.11%,88.89%,0.00%
110年1月,26,26,21,5,0,2,22,2,7.69%,84.62%,7.69%
110年2月,24,24,15,9,0,0,19,5,0.00%,79.17%,20.83%
110年3月,25,24,20,5,1,0,22,3,0.00%,88.00%,12.00%
110年4月,24,24,16,8,0,0,21,3,0.00%,87.50%,12.50%
110年5月,25,25,18,7,0,0,23,2,0.00%,92.00%,8.00%
110年6月,0,0,0,0,0,0,0,0,0.00%,0.00%,0.00%
110年7月,26,26,17,9,0,0,18,8,0.00%,69.23%,30.77%
110年8月,41,38,22,19,3,3,27,11,7.32%,65.85%,26.83%
110年9月,23,23,12,11,0,2,18,3,8.70%,78.26%,13.04%
110年10月,24,24,14,10,0,1,18,5,4.17%,75.00%,20.83%
110年11月,36,33,24,12,3,2,30,4,5.56%,83.33%,11.11%
110年12月,13,13,8,5,0,2,8,3,15.38%,61.54%,23.08%
111年1月,37,36,25,11,1,2,31,4,5.41%,83.78%,10.81%
111年2月,24,23,17,6,1,3,15,6,12.50%,62.50%,25.00%
111年3月,24,24,20,4,0,1,17,6,4.17%,70.83%,25.00%
111年4月,26,24,15,11,2,2,21,3,7.69%,80.77%,11.54%
111年5月,27,25,17,10,2,1,22,4,3.70%,81.48%,14.81%
111年6月,37,35,25,12,2,1,32,4,2.70%,86.49%,10.81%
111年7月,25,25,17,8,0,0,19,6,0.00%,76.00%,24.00%
111年8月,39,38,27,12,1,3,28,8,7.69%,71.79%,20.51%
111年9月,28,27,19,9,1,3,22,3,10.71%,78.57%,10.71%
111年10月,42,40,30,12,2,2,33,7,4.76%,78.57%,16.67%
111年11月,27,26,22,5,1,1,26,0,3.70%,96.30%,0.00%
111年12月,29,28,21,8,1,1,22,6,3.45%,75.86%,20.69%
112年1月,26,25,13,13,1,0,20,6,0.00%,76.92%,23.08%
112年2月,25,25,16,9,0,3,18,4,12.00%,72.00%,16.00%
112年3月,27,26,18,9,1,1,22,4,3.70%,81.48%,14.81%
